RMSE,MAE,MAPE
13.699790252543885,10.561315666198698,9.815462448611102
