Model,RMSE,MAE,MAPE,Directional_Accuracy
SARIMA,12.203224845725593,10.464367970523872,11.141020700758672,70.67669172932331
Prophet,4.103895432568704,3.4432570591361644,3.476926431981571,70.67669172932331
