num_heads,hidden_dim,test_loss,rmse
2,64,0.2724653263576329,0.5219821130629217
2,128,0.19872678956016898,0.4457878302064436
2,256,0.22439523080053428,0.47370373737235205
4,64,0.17751803458668292,0.4213288912318771
4,128,0.28909417629862827,0.5376747867425329
4,256,0.28480577600809437,0.5336719741639937
8,64,0.3132853171167274,0.5597189626202845
8,128,0.34009065525606275,0.5831729205442093
8,256,0.3232846794805179,0.5685812866077443
